indicator_type,indicator_value,times_seen,first_seen,last_seen,indicator_details_link,associated_with_campaign,campaign_description,brands_targeted,verticals_targeted,campaign_details_link
structural_id,40b8d5862a3bf3ef9af556ea9e2a7bd96b3984db,19,1693586072.8418086,1696818445.7628095,https://bayse.io/site_fingerprint/structural_id/40b8d5862a3bf3ef9af556ea9e2a7bd96b3984db,Bancolombia Scam 1,This is a campaign targeting Bancolombia customers.,Bancolombia S.A.,Unknown,https://bayse.io/campaign/Bancolombia Scam 1
structural_id,bda8eaf76075454c5f74d6042f1247f5f331431c,490,1685572531.7832496,1696810984.431168,https://bayse.io/site_fingerprint/structural_id/bda8eaf76075454c5f74d6042f1247f5f331431c,Bancolombia Scam 1,This is a campaign targeting Bancolombia customers.,Bancolombia S.A.,Unknown,https://bayse.io/campaign/Bancolombia Scam 1
structural_id,0098120f4ebfa7ed09f66a042f1d3ecbded1f66a,35758,1685472714.746731,1697201654.839521,https://bayse.io/site_fingerprint/structural_id/0098120f4ebfa7ed09f66a042f1d3ecbded1f66a,Rand String,"This is an extremely high-volume (thousands of organizations targeted per month) and long-lived campaign (3+ years) targeting Microsoft 365 login portals. There are many TTPs associated with the attack, but one of the URLs in a full attack chain almost always contains the string 'sf_rand_string'.",Microsoft Corporation,All,https://bayse.io/campaign/Rand String
links_id,a2cb33b5ab82504eb1e0f6811056236c86f3efa1,46304,1685472714.746731,1697201654.839521,https://bayse.io/site_fingerprint/links_id/a2cb33b5ab82504eb1e0f6811056236c86f3efa1,Rand String,"This is an extremely high-volume (thousands of organizations targeted per month) and long-lived campaign (3+ years) targeting Microsoft 365 login portals. There are many TTPs associated with the attack, but one of the URLs in a full attack chain almost always contains the string 'sf_rand_string'.",Microsoft Corporation,All,https://bayse.io/campaign/Rand String
links_id,f1f1fb27936637a5b9267275a07a844ef2c776cd,8834,1685570983.9197414,1697199938.8400984,https://bayse.io/site_fingerprint/links_id/f1f1fb27936637a5b9267275a07a844ef2c776cd,Rand String,"This is an extremely high-volume (thousands of organizations targeted per month) and long-lived campaign (3+ years) targeting Microsoft 365 login portals. There are many TTPs associated with the attack, but one of the URLs in a full attack chain almost always contains the string 'sf_rand_string'.",Microsoft Corporation,All,https://bayse.io/campaign/Rand String
links_id,36bdb3f313942f3126aa4b23bb991cfb93b4d414,21314,1685570916.0167217,1697201657.9945557,https://bayse.io/site_fingerprint/links_id/36bdb3f313942f3126aa4b23bb991cfb93b4d414,SILENTCODERSLIMAHURUF,"This campaign targets Microsoft 365 enterprise users by requesting that they enter their username and password. In many cases, the login screen already has the victim's email address and logo populated in order to make the phishing portal seem more legitimate. The campaign is named for a string that has been seen in the URL of numerous compromised sites associated with this campaign.",Microsoft Corporation,Unknown,https://bayse.io/campaign/SILENTCODERSLIMAHURUF
structural_id,01047d8da7ca831b6a0f3e23221b7293f90d6528,15976,1688159960.808831,1697200006.0776963,https://bayse.io/site_fingerprint/structural_id/01047d8da7ca831b6a0f3e23221b7293f90d6528,Unknown_01047d8da7ca831b6a0f3e23221b7293f90d6528,"This captures a possible campaign that we are tracking but have not yet named. If 
you are familiar with one of these campaigns, please reach out to hello@bayse.io to share your information and be 
recognized for your contribution!","Facebook, Inc.",Unknown,https://bayse.io/campaign/Unknown_01047d8da7ca831b6a0f3e23221b7293f90d6528
structural_id,3eb9232a1c84536f77275d15211597ff35fbfc2b,12488,1691717588.5155914,1697200075.925321,https://bayse.io/site_fingerprint/structural_id/3eb9232a1c84536f77275d15211597ff35fbfc2b,USPS Delivery Failed SMS 2,"This campaign is targeting customers of shipping company USPS and looks extremely similar (though not identical) to the campaign USPS Delivery Failed SMS. The lure shows a tracking number for a package and mentions that delivery has failed due to an incorrect delivery address. It actually looks up your location by IP address as well to add a layer of legitimacy. The lure first requests the customer's name, home address, and phone number. Next it requests credit card information for a small fee. Finally, it sends a verification code to the mobile phone entered earlier and requests that the user verify the code. In each step, information is sent to a script on the phishing site.",United States Postal Service,"Government-National,Transportation",https://bayse.io/campaign/USPS Delivery Failed SMS 2
structural_id,7bc0232cb6efb12b2646bb5178426822672c56ce,10950,1685644075.292129,1697199919.2454705,https://bayse.io/site_fingerprint/structural_id/7bc0232cb6efb12b2646bb5178426822672c56ce,Unknown_7bc0232cb6efb12b2646bb5178426822672c56ce,"This captures a possible campaign that we are tracking but have not yet named. If 
you are familiar with one of these campaigns, please reach out to hello@bayse.io to share your information and be 
recognized for your contribution!",Generic Webmail,Unknown,https://bayse.io/campaign/Unknown_7bc0232cb6efb12b2646bb5178426822672c56ce
structural_id,d07902586a105c2e7caf4a4ffe2bce697db0b880,7104,1685594852.114459,1697197661.8306155,https://bayse.io/site_fingerprint/structural_id/d07902586a105c2e7caf4a4ffe2bce697db0b880,Unknown_d07902586a105c2e7caf4a4ffe2bce697db0b880,"This captures a possible campaign that we are tracking but have not yet named. If 
you are familiar with one of these campaigns, please reach out to hello@bayse.io to share your information and be 
recognized for your contribution!","Google, Inc.,Microsoft Corporation",Unknown,https://bayse.io/campaign/Unknown_d07902586a105c2e7caf4a4ffe2bce697db0b880
structural_id,4a453750eacd9e9015f61e092a1b2cf3be15f1b7,5613,1685632787.3164313,1697199967.0614307,https://bayse.io/site_fingerprint/structural_id/4a453750eacd9e9015f61e092a1b2cf3be15f1b7,Unknown_4a453750eacd9e9015f61e092a1b2cf3be15f1b7,"This captures a possible campaign that we are tracking but have not yet named. If 
you are familiar with one of these campaigns, please reach out to hello@bayse.io to share your information and be 
recognized for your contribution!",Microsoft Corporation,Unknown,https://bayse.io/campaign/Unknown_4a453750eacd9e9015f61e092a1b2cf3be15f1b7
structural_id,2179eca88894d81dbfca9f373f5b8a853d4fe0c7,1106,1689428117.2406156,1697200197.9653745,https://bayse.io/site_fingerprint/structural_id/2179eca88894d81dbfca9f373f5b8a853d4fe0c7,Facebook Unusual Activity 1,"This campaign is targeting Facebook users. It intends to convince them that they have had unusual activity on their account that violates community standards, and that they must verify their account to avoid deactivation. The lure asks for email or phone number and the user's password.","Facebook, Inc.,Meta, Inc.",Unknown,https://bayse.io/campaign/Facebook Unusual Activity 1
structural_id,350d4d65881cdd31ba3dc6864243cafca225c911,3368,1685750508.891868,1697200190.149684,https://bayse.io/site_fingerprint/structural_id/350d4d65881cdd31ba3dc6864243cafca225c911,Facebook Unusual Activity 1,"This campaign is targeting Facebook users. It intends to convince them that they have had unusual activity on their account that violates community standards, and that they must verify their account to avoid deactivation. The lure asks for email or phone number and the user's password.","Facebook, Inc.,Meta, Inc.",Unknown,https://bayse.io/campaign/Facebook Unusual Activity 1
structural_id,f3571758fdebcc886f53e536bff4ce232ff66a6f,1121,1689428136.2787971,1697200053.6197426,https://bayse.io/site_fingerprint/structural_id/f3571758fdebcc886f53e536bff4ce232ff66a6f,Facebook Unusual Activity 1,"This campaign is targeting Facebook users. It intends to convince them that they have had unusual activity on their account that violates community standards, and that they must verify their account to avoid deactivation. The lure asks for email or phone number and the user's password.","Facebook, Inc.,Meta, Inc.",Unknown,https://bayse.io/campaign/Facebook Unusual Activity 1
structural_id,589575368d45f393be952db3415cf81cdb687b6e,5368,1685472760.3697245,1697200088.6266546,https://bayse.io/site_fingerprint/structural_id/589575368d45f393be952db3415cf81cdb687b6e,Unknown_589575368d45f393be952db3415cf81cdb687b6e,"This captures a possible campaign that we are tracking but have not yet named. If 
you are familiar with one of these campaigns, please reach out to hello@bayse.io to share your information and be 
recognized for your contribution!",Yahoo,Unknown,https://bayse.io/campaign/Unknown_589575368d45f393be952db3415cf81cdb687b6e
structural_id,ce560ee56269f1903b3f1af02efb171cd090d3d6,4786,1685571286.4904177,1697202266.7025292,https://bayse.io/site_fingerprint/structural_id/ce560ee56269f1903b3f1af02efb171cd090d3d6,Unknown_ce560ee56269f1903b3f1af02efb171cd090d3d6,"This captures a possible campaign that we are tracking but have not yet named. If 
you are familiar with one of these campaigns, please reach out to hello@bayse.io to share your information and be 
recognized for your contribution!",United States Postal Service,Unknown,https://bayse.io/campaign/Unknown_ce560ee56269f1903b3f1af02efb171cd090d3d6
structural_id,cefcf5cc152824cf637d6cae2e7a46995d41e545,4076,1685569620.1720266,1697174717.3633857,https://bayse.io/site_fingerprint/structural_id/cefcf5cc152824cf637d6cae2e7a46995d41e545,Unknown_cefcf5cc152824cf637d6cae2e7a46995d41e545,"This captures a possible campaign that we are tracking but have not yet named. If 
you are familiar with one of these campaigns, please reach out to hello@bayse.io to share your information and be 
recognized for your contribution!",Microsoft Corporation,All,https://bayse.io/campaign/Unknown_cefcf5cc152824cf637d6cae2e7a46995d41e545
destinations_id,81074d1bb28015072787d48b9a9902a53fe4b44c,3122,1685570294.256145,1697201066.0324323,https://bayse.io/site_fingerprint/destinations_id/81074d1bb28015072787d48b9a9902a53fe4b44c,USPS Delivery Failed SMS,"This campaign is targeting customers of shipping company USPS. The lure shows a tracking number for a package and mentions that delivery has failed due to an incorrect delivery address. The lure first requests the customer's name, home address, phone number, and email address. Next it requests credit card information for a small fee. Finally, it sends a verification code to the mobile phone entered earlier and requests that the user verify the code. In each step, information is sent to a script on the phishing site.",United States Postal Service,"Government-National,Transportation",https://bayse.io/campaign/USPS Delivery Failed SMS
structural_id,a77f93b7afd222d764b8cab45c5b5300440ac0b7,496,1685570294.256145,1697192735.131304,https://bayse.io/site_fingerprint/structural_id/a77f93b7afd222d764b8cab45c5b5300440ac0b7,USPS Delivery Failed SMS,"This campaign is targeting customers of shipping company USPS. The lure shows a tracking number for a package and mentions that delivery has failed due to an incorrect delivery address. The lure first requests the customer's name, home address, phone number, and email address. Next it requests credit card information for a small fee. Finally, it sends a verification code to the mobile phone entered earlier and requests that the user verify the code. In each step, information is sent to a script on the phishing site.",United States Postal Service,"Government-National,Transportation",https://bayse.io/campaign/USPS Delivery Failed SMS
destinations_id,2b6eb7276e95e6380899e0407049eb14138c9a45,2525,1685570387.0270119,1697200144.269578,https://bayse.io/site_fingerprint/destinations_id/2b6eb7276e95e6380899e0407049eb14138c9a45,Adobe Document 1,This campaign is targeting Microsoft email users who expect to receive documents via Adobe Document Cloud.,"AOL,Adobe Inc.,Generic Webmail,Microsoft Corporation",Unknown,https://bayse.io/campaign/Adobe Document 1
destinations_id,23a9173d0ba33012f7a83c2782afe4764c340faa,376,1687742675.2593668,1697176325.2598276,https://bayse.io/site_fingerprint/destinations_id/23a9173d0ba33012f7a83c2782afe4764c340faa,Adobe Document 1,This campaign is targeting Microsoft email users who expect to receive documents via Adobe Document Cloud.,"AOL,Adobe Inc.,Generic Webmail,Microsoft Corporation",Unknown,https://bayse.io/campaign/Adobe Document 1
links_id,bad19953decf5ee20d27394ea253f3e7aa95b400,497,1687109368.239041,1697163812.6541097,https://bayse.io/site_fingerprint/links_id/bad19953decf5ee20d27394ea253f3e7aa95b400,Adobe Document 1,This campaign is targeting Microsoft email users who expect to receive documents via Adobe Document Cloud.,"AOL,Adobe Inc.,Generic Webmail,Microsoft Corporation",Unknown,https://bayse.io/campaign/Adobe Document 1
links_id,2c9a926efa65c41e2f8e701485348858d49482e1,377,1685576086.7637527,1697080238.411243,https://bayse.io/site_fingerprint/links_id/2c9a926efa65c41e2f8e701485348858d49482e1,Adobe Document 1,This campaign is targeting Microsoft email users who expect to receive documents via Adobe Document Cloud.,"AOL,Adobe Inc.,Generic Webmail,Microsoft Corporation",Unknown,https://bayse.io/campaign/Adobe Document 1
links_id,8a144ca13d39f0ffdbb4652891e6a196e6a815c0,63,1687943159.2293057,1696782345.7004108,https://bayse.io/site_fingerprint/links_id/8a144ca13d39f0ffdbb4652891e6a196e6a815c0,Adobe Document 1,This campaign is targeting Microsoft email users who expect to receive documents via Adobe Document Cloud.,"AOL,Adobe Inc.,Generic Webmail,Microsoft Corporation",Unknown,https://bayse.io/campaign/Adobe Document 1
links_id,49d6b7ae8c56aeba647b21b4c082c7e8b18dfd0e,3218,1685620555.7153358,1697196333.6625097,https://bayse.io/site_fingerprint/links_id/49d6b7ae8c56aeba647b21b4c082c7e8b18dfd0e,Unknown_49d6b7ae8c56aeba647b21b4c082c7e8b18dfd0e,"This captures a possible campaign that we are tracking but have not yet named. If 
you are familiar with one of these campaigns, please reach out to hello@bayse.io to share your information and be 
recognized for your contribution!",Telegram Messenger Inc.,Unknown,https://bayse.io/campaign/Unknown_49d6b7ae8c56aeba647b21b4c082c7e8b18dfd0e
structural_id,9a31dadde50f7e0206068da3a41873fcf76e0311,3162,1685570115.8629954,1697174772.2029,https://bayse.io/site_fingerprint/structural_id/9a31dadde50f7e0206068da3a41873fcf76e0311,Unknown_9a31dadde50f7e0206068da3a41873fcf76e0311,"This captures a possible campaign that we are tracking but have not yet named. If 
you are familiar with one of these campaigns, please reach out to hello@bayse.io to share your information and be 
recognized for your contribution!",Microsoft Corporation,Unknown,https://bayse.io/campaign/Unknown_9a31dadde50f7e0206068da3a41873fcf76e0311
structural_id,a1b421d0a5ec0f28c863aba69828e6cc94eea78b,2788,1685618847.0871425,1697196487.307469,https://bayse.io/site_fingerprint/structural_id/a1b421d0a5ec0f28c863aba69828e6cc94eea78b,Unknown_a1b421d0a5ec0f28c863aba69828e6cc94eea78b,"This captures a possible campaign that we are tracking but have not yet named. If 
you are familiar with one of these campaigns, please reach out to hello@bayse.io to share your information and be 
recognized for your contribution!",AOL,Unknown,https://bayse.io/campaign/Unknown_a1b421d0a5ec0f28c863aba69828e6cc94eea78b
structural_id,85ded4b552969ce8eb989f1e356d999892895a3b,1410,1685584264.9972532,1697167439.843329,https://bayse.io/site_fingerprint/structural_id/85ded4b552969ce8eb989f1e356d999892895a3b,DHL China 1,"This campaign is targeting Chinese-speaking customers of global shipping company DHL. The lure seems to show an Excel spreadsheet link that will expire in 3 days. The username seems to be automatically populated, so users are required only to enter their password. Credentials are often sent to a script on the phishing website.",DHL,Unknown,https://bayse.io/campaign/DHL China 1
structural_id,2afeac04f7b6e81592aad277a91a17fe00fbfff8,802,1685571435.600185,1697163487.663671,https://bayse.io/site_fingerprint/structural_id/2afeac04f7b6e81592aad277a91a17fe00fbfff8,DHL China 1,"This campaign is targeting Chinese-speaking customers of global shipping company DHL. The lure seems to show an Excel spreadsheet link that will expire in 3 days. The username seems to be automatically populated, so users are required only to enter their password. Credentials are often sent to a script on the phishing website.",DHL,Unknown,https://bayse.io/campaign/DHL China 1
structural_id,82fa28d88847a56c44463670c9f96659b0f7b05f,2109,1685601956.9090774,1697178274.1501062,https://bayse.io/site_fingerprint/structural_id/82fa28d88847a56c44463670c9f96659b0f7b05f,Unknown_82fa28d88847a56c44463670c9f96659b0f7b05f,"This captures a possible campaign that we are tracking but have not yet named. If 
you are familiar with one of these campaigns, please reach out to hello@bayse.io to share your information and be 
recognized for your contribution!",Microsoft Corporation,Unknown,https://bayse.io/campaign/Unknown_82fa28d88847a56c44463670c9f96659b0f7b05f
links_id,988a67d924b9e58ac5c620655c9486abb04a7696,1986,1688246673.670757,1697199926.260147,https://bayse.io/site_fingerprint/links_id/988a67d924b9e58ac5c620655c9486abb04a7696,Fake Bank Login Portals,"This campaign is targeting customers of many different banks, though predominantly it looks like banks and credit unions in the Midwest US. The lure shows the login page to a user's bank (logo included). Many of the sites seem to first load from an attacker-controlled pages.dev site before redirecting to a different site.",Unknown,Financial-Services,https://bayse.io/campaign/Fake Bank Login Portals
structural_id,946f61e90979cda333b5c6248d62c5092170e556,1943,1685594783.2218482,1697197994.5386348,https://bayse.io/site_fingerprint/structural_id/946f61e90979cda333b5c6248d62c5092170e556,Unknown_946f61e90979cda333b5c6248d62c5092170e556,"This captures a possible campaign that we are tracking but have not yet named. If 
you are familiar with one of these campaigns, please reach out to hello@bayse.io to share your information and be 
recognized for your contribution!","Facebook, Inc.",Unknown,https://bayse.io/campaign/Unknown_946f61e90979cda333b5c6248d62c5092170e556
structural_id,37c6d964c9f732cad72ebd9be8db431688d317c3,1927,1685582104.7152684,1697131621.2138453,https://bayse.io/site_fingerprint/structural_id/37c6d964c9f732cad72ebd9be8db431688d317c3,Unknown_37c6d964c9f732cad72ebd9be8db431688d317c3,"This captures a possible campaign that we are tracking but have not yet named. If 
you are familiar with one of these campaigns, please reach out to hello@bayse.io to share your information and be 
recognized for your contribution!",VK,Unknown,https://bayse.io/campaign/Unknown_37c6d964c9f732cad72ebd9be8db431688d317c3
links_id,ad52ac772629cebafc33840488c6ce9a0ab8b515,1868,1685573296.9745288,1697131993.811009,https://bayse.io/site_fingerprint/links_id/ad52ac772629cebafc33840488c6ce9a0ab8b515,Unknown_ad52ac772629cebafc33840488c6ce9a0ab8b515,"This captures a possible campaign that we are tracking but have not yet named. If 
you are familiar with one of these campaigns, please reach out to hello@bayse.io to share your information and be 
recognized for your contribution!",Microsoft Corporation,Unknown,https://bayse.io/campaign/Unknown_ad52ac772629cebafc33840488c6ce9a0ab8b515
structural_id,2e5153d6768c3f1685f75103e4514fce65637896,1795,1685572736.5988781,1696608960.5459552,https://bayse.io/site_fingerprint/structural_id/2e5153d6768c3f1685f75103e4514fce65637896,Unknown_2e5153d6768c3f1685f75103e4514fce65637896,"This captures a possible campaign that we are tracking but have not yet named. If 
you are familiar with one of these campaigns, please reach out to hello@bayse.io to share your information and be 
recognized for your contribution!",Microsoft Corporation,Unknown,https://bayse.io/campaign/Unknown_2e5153d6768c3f1685f75103e4514fce65637896
structural_id,30c14db57a3981f8ffd0cf5c28672e4524f3a97e,1676,1685576509.7450337,1697189294.835699,https://bayse.io/site_fingerprint/structural_id/30c14db57a3981f8ffd0cf5c28672e4524f3a97e,Friendly Panda,"This campaign looks to be targeting Chinese-speaking users of several platforms, including LinkedIn and 163.com's email site. In the former, the template shows what looks like LinkedIn's site with a particular user's profile showing and a prompt to reauthenticate to the site. It's unclear whether the initial lure is a connection request or something else, as the profile used repeatedly in this template doesn't look like a connection request. In the latter case, the prompt is the same but the background is a 163.com email inbox.","LinkedIn Corporation,NetEase, Inc.",Unknown,https://bayse.io/campaign/Friendly Panda
structural_id,8af81c69845d748db020f5cdfe8d2725b825753e,234,1685571005.0497048,1693346612.7068453,https://bayse.io/site_fingerprint/structural_id/8af81c69845d748db020f5cdfe8d2725b825753e,Friendly Panda,"This campaign looks to be targeting Chinese-speaking users of several platforms, including LinkedIn and 163.com's email site. In the former, the template shows what looks like LinkedIn's site with a particular user's profile showing and a prompt to reauthenticate to the site. It's unclear whether the initial lure is a connection request or something else, as the profile used repeatedly in this template doesn't look like a connection request. In the latter case, the prompt is the same but the background is a 163.com email inbox.","LinkedIn Corporation,NetEase, Inc.",Unknown,https://bayse.io/campaign/Friendly Panda
structural_id,ccda581ed27ee6b0a82c379691946aec3195c228,1546,1685572140.4059389,1697200189.236485,https://bayse.io/site_fingerprint/structural_id/ccda581ed27ee6b0a82c379691946aec3195c228,Unknown_ccda581ed27ee6b0a82c379691946aec3195c228,"This captures a possible campaign that we are tracking but have not yet named. If 
you are familiar with one of these campaigns, please reach out to hello@bayse.io to share your information and be 
recognized for your contribution!","Poste Itialiane,Australia Post,Sociedad Estatal Correos y Telegrafos, SA",Transportation,https://bayse.io/campaign/Unknown_ccda581ed27ee6b0a82c379691946aec3195c228
links_id,c0d5cf8da4094891bf231c99b0e1096ae0611444,1498,1685570696.4202852,1697200119.4844167,https://bayse.io/site_fingerprint/links_id/c0d5cf8da4094891bf231c99b0e1096ae0611444,Unknown_c0d5cf8da4094891bf231c99b0e1096ae0611444,"This captures a possible campaign that we are tracking but have not yet named. If 
you are familiar with one of these campaigns, please reach out to hello@bayse.io to share your information and be 
recognized for your contribution!","DHL,La Poste,FedEx Corporation",Transportation,https://bayse.io/campaign/Unknown_c0d5cf8da4094891bf231c99b0e1096ae0611444
structural_id,6ddf6f979518d5b4badda2cf3ef2d0e7fb611c6c,1442,1685573540.937183,1696952781.7955482,https://bayse.io/site_fingerprint/structural_id/6ddf6f979518d5b4badda2cf3ef2d0e7fb611c6c,Unknown_6ddf6f979518d5b4badda2cf3ef2d0e7fb611c6c,"This captures a possible campaign that we are tracking but have not yet named. If 
you are familiar with one of these campaigns, please reach out to hello@bayse.io to share your information and be 
recognized for your contribution!",Apple Inc.,Unknown,https://bayse.io/campaign/Unknown_6ddf6f979518d5b4badda2cf3ef2d0e7fb611c6c
structural_id,a2448305ef33034a0de8107ba6cea2a5005100e1,1404,1685885718.1245866,1697200199.5221624,https://bayse.io/site_fingerprint/structural_id/a2448305ef33034a0de8107ba6cea2a5005100e1,Unknown_a2448305ef33034a0de8107ba6cea2a5005100e1,"This captures a possible campaign that we are tracking but have not yet named. If 
you are familiar with one of these campaigns, please reach out to hello@bayse.io to share your information and be 
recognized for your contribution!","Facebook, Inc.,Garena International",Unknown,https://bayse.io/campaign/Unknown_a2448305ef33034a0de8107ba6cea2a5005100e1
structural_id,a6997be493c2ccb5a8295b5234715ac0e3c7d7b2,1358,1685640871.1928833,1697196330.1673915,https://bayse.io/site_fingerprint/structural_id/a6997be493c2ccb5a8295b5234715ac0e3c7d7b2,Unknown_a6997be493c2ccb5a8295b5234715ac0e3c7d7b2,"This captures a possible campaign that we are tracking but have not yet named. If 
you are familiar with one of these campaigns, please reach out to hello@bayse.io to share your information and be 
recognized for your contribution!","Google, Inc.,Microsoft Corporation",Unknown,https://bayse.io/campaign/Unknown_a6997be493c2ccb5a8295b5234715ac0e3c7d7b2
destinations_id,28398a2238248ffe8b14f66a16b3cf90febeb3e6,1214,1685574643.4422927,1697189148.7082138,https://bayse.io/site_fingerprint/destinations_id/28398a2238248ffe8b14f66a16b3cf90febeb3e6,OurTime 1,"This campaign is targeting users of People Media's OurTime 50+ dating site. The page seems to be impersonating a previous iteration of OurTime's login page, and credentials are often sent to a different, compromised website. Information requested includes email address and password.",People Media,Unknown,https://bayse.io/campaign/OurTime 1
structural_id,4713e7f7d62f29f70d20a896f0d6310812a022dc,1134,1687429674.192194,1697174537.9285734,https://bayse.io/site_fingerprint/structural_id/4713e7f7d62f29f70d20a896f0d6310812a022dc,Decode Process,This campaign is targeting Microsoft 365 login portals. Credentials are generally sent to a script found at '/Decode/process.php' on a different compromised website in order to make the attack harder to confirm.,Microsoft Corporation,Unknown,https://bayse.io/campaign/Decode Process
structural_id,34e8da027b73cc0c8676ef8cd6af789c9c85734e,1087,1689428093.1897652,1697200781.1756237,https://bayse.io/site_fingerprint/structural_id/34e8da027b73cc0c8676ef8cd6af789c9c85734e,Facebook Login Scam 1,This is a campaign targeting Facebook users by attempting to convince them to login to their account on a fake Facebook login portal.,"Facebook, Inc.",Unknown,https://bayse.io/campaign/Facebook Login Scam 1
structural_id,de36c720314b013f90413e24d071c8d7e1709da9,919,1685571747.5046303,1697174671.6354184,https://bayse.io/site_fingerprint/structural_id/de36c720314b013f90413e24d071c8d7e1709da9,Unknown_de36c720314b013f90413e24d071c8d7e1709da9,"This captures a possible campaign that we are tracking but have not yet named. If 
you are familiar with one of these campaigns, please reach out to hello@bayse.io to share your information and be 
recognized for your contribution!","Adobe Inc.,Generic Webmail,Microsoft Corporation",Unknown,https://bayse.io/campaign/Unknown_de36c720314b013f90413e24d071c8d7e1709da9
links_id,f11e14750ff8e8272ab0c6b31030a76f50287797,821,1685604197.3465352,1697196322.4674027,https://bayse.io/site_fingerprint/links_id/f11e14750ff8e8272ab0c6b31030a76f50287797,Unknown_f11e14750ff8e8272ab0c6b31030a76f50287797,"This captures a possible campaign that we are tracking but have not yet named. If 
you are familiar with one of these campaigns, please reach out to hello@bayse.io to share your information and be 
recognized for your contribution!","Adobe Inc.,Generic Webmail,Microsoft Corporation",Unknown,https://bayse.io/campaign/Unknown_f11e14750ff8e8272ab0c6b31030a76f50287797
structural_id,32099a5df3d94ec084116ad6d9eaeb755f91e883,746,1685639146.6346254,1697174307.3681185,https://bayse.io/site_fingerprint/structural_id/32099a5df3d94ec084116ad6d9eaeb755f91e883,Unknown_32099a5df3d94ec084116ad6d9eaeb755f91e883,"This captures a possible campaign that we are tracking but have not yet named. If 
you are familiar with one of these campaigns, please reach out to hello@bayse.io to share your information and be 
recognized for your contribution!",Generic Webmail,Unknown,https://bayse.io/campaign/Unknown_32099a5df3d94ec084116ad6d9eaeb755f91e883
structural_id,ca5713b540327a7cf83e2a017680a78ca77ff098,736,1687591509.6041172,1697189265.7358694,https://bayse.io/site_fingerprint/structural_id/ca5713b540327a7cf83e2a017680a78ca77ff098,DANA Generic Scam 1,This is a campaign targeting customers of Indonesian banking app DANA.,PT Espay Debit Indonesia Koe,Unknown,https://bayse.io/campaign/DANA Generic Scam 1
structural_id,8fd1b64cc4dd2756b69bf56e354c43d0d8303508,721,1685583631.6258652,1697160220.5317926,https://bayse.io/site_fingerprint/structural_id/8fd1b64cc4dd2756b69bf56e354c43d0d8303508,Unknown_8fd1b64cc4dd2756b69bf56e354c43d0d8303508,"This captures a possible campaign that we are tracking but have not yet named. If 
you are familiar with one of these campaigns, please reach out to hello@bayse.io to share your information and be 
recognized for your contribution!",Bancolombia S.A.,Unknown,https://bayse.io/campaign/Unknown_8fd1b64cc4dd2756b69bf56e354c43d0d8303508
structural_id,945c914c8c4ba5c67e1e4869a507c5b60528dc04,705,1685574904.787853,1697134854.3993676,https://bayse.io/site_fingerprint/structural_id/945c914c8c4ba5c67e1e4869a507c5b60528dc04,Unknown_945c914c8c4ba5c67e1e4869a507c5b60528dc04,"This captures a possible campaign that we are tracking but have not yet named. If 
you are familiar with one of these campaigns, please reach out to hello@bayse.io to share your information and be 
recognized for your contribution!",Microsoft Corporation,Unknown,https://bayse.io/campaign/Unknown_945c914c8c4ba5c67e1e4869a507c5b60528dc04
structural_id,0e58206487e6ddb291d76d42129fa0b0e2bbe3cb,682,1685571999.975275,1696734940.8689463,https://bayse.io/site_fingerprint/structural_id/0e58206487e6ddb291d76d42129fa0b0e2bbe3cb,Unknown_0e58206487e6ddb291d76d42129fa0b0e2bbe3cb,"This captures a possible campaign that we are tracking but have not yet named. If 
you are familiar with one of these campaigns, please reach out to hello@bayse.io to share your information and be 
recognized for your contribution!",Yahoo,Unknown,https://bayse.io/campaign/Unknown_0e58206487e6ddb291d76d42129fa0b0e2bbe3cb
structural_id,40bea19118f85571be732a39101f0cfe9d41e423,618,1685570677.026038,1697174670.2501593,https://bayse.io/site_fingerprint/structural_id/40bea19118f85571be732a39101f0cfe9d41e423,Unknown_40bea19118f85571be732a39101f0cfe9d41e423,"This captures a possible campaign that we are tracking but have not yet named. If 
you are familiar with one of these campaigns, please reach out to hello@bayse.io to share your information and be 
recognized for your contribution!",Microsoft Corporation,Unknown,https://bayse.io/campaign/Unknown_40bea19118f85571be732a39101f0cfe9d41e423
structural_id,27a95d92287892f1fda5f4300f2f535af9e6d87e,590,1685579682.5161438,1697163463.0408118,https://bayse.io/site_fingerprint/structural_id/27a95d92287892f1fda5f4300f2f535af9e6d87e,Unknown_27a95d92287892f1fda5f4300f2f535af9e6d87e,"This captures a possible campaign that we are tracking but have not yet named. If 
you are familiar with one of these campaigns, please reach out to hello@bayse.io to share your information and be 
recognized for your contribution!","Yahoo,AOL,Generic Webmail,Microsoft Corporation",Unknown,https://bayse.io/campaign/Unknown_27a95d92287892f1fda5f4300f2f535af9e6d87e
structural_id,66d87a22dec8ec604dd7df053c1408c9952e15e1,538,1685583371.0707574,1696654759.3525586,https://bayse.io/site_fingerprint/structural_id/66d87a22dec8ec604dd7df053c1408c9952e15e1,BofA Login Scam 1,This campaign is targeting customers of Bank of America by impersonating the login portal.,Bank of America Corporation,Financial-Services,https://bayse.io/campaign/BofA Login Scam 1
structural_id,925f0bdba0ea2e99d309de470c33bfecae809f95,494,1685571137.1742692,1697156749.4097326,https://bayse.io/site_fingerprint/structural_id/925f0bdba0ea2e99d309de470c33bfecae809f95,Mailbox Upgrade 1,This campaign is targets users by trying to convince them to upgrade their email mailbox. It seems as though this is a multi-step attack.,Generic Webmail,Unknown,https://bayse.io/campaign/Mailbox Upgrade 1
structural_id,e72cfddf4799ed8c05ea7df89e336d856c27a454,420,1685608822.5012007,1697160210.9834545,https://bayse.io/site_fingerprint/structural_id/e72cfddf4799ed8c05ea7df89e336d856c27a454,Unknown_e72cfddf4799ed8c05ea7df89e336d856c27a454,"This captures a possible campaign that we are tracking but have not yet named. If 
you are familiar with one of these campaigns, please reach out to hello@bayse.io to share your information and be 
recognized for your contribution!",Eika Gruppen,Unknown,https://bayse.io/campaign/Unknown_e72cfddf4799ed8c05ea7df89e336d856c27a454
structural_id,2f54edf4bd512ad88d7129d8d22b3a4940af2141,113,1685580120.6190205,1697138196.701308,https://bayse.io/site_fingerprint/structural_id/2f54edf4bd512ad88d7129d8d22b3a4940af2141,Outlook Webmail 1,"This campaign is targeting users of Microsoft Outlook Webmail. The lure comes in a few different flavors (quarantined document, unread fax) but generally aims to collect the user's email and password.",Microsoft Corporation,Unknown,https://bayse.io/campaign/Outlook Webmail 1
structural_id,abd30e844f37c0d12e1bf102a13e45b76f1baa96,235,1685612304.7485154,1696742072.919698,https://bayse.io/site_fingerprint/structural_id/abd30e844f37c0d12e1bf102a13e45b76f1baa96,Outlook Webmail 1,"This campaign is targeting users of Microsoft Outlook Webmail. The lure comes in a few different flavors (quarantined document, unread fax) but generally aims to collect the user's email and password.",Microsoft Corporation,Unknown,https://bayse.io/campaign/Outlook Webmail 1
structural_id,b0fc274bf03eb766a19b9e23793920a10d85d103,276,1688045878.9329953,1697167486.160744,https://bayse.io/site_fingerprint/structural_id/b0fc274bf03eb766a19b9e23793920a10d85d103,DANA Claim Money Scam,This is a campaign targeting customers of Indonesian banking app DANA. It purports that users have an unclaimed sum of money. It later requests login and PIN information from the user.,PT Espay Debit Indonesia Koe,Unknown,https://bayse.io/campaign/DANA Claim Money Scam
structural_id,c148aa42f9296b7c4845be24090af66927bc0636,14,1691242372.7689934,1696685813.362908,https://bayse.io/site_fingerprint/structural_id/c148aa42f9296b7c4845be24090af66927bc0636,DANA Claim Money Scam,This is a campaign targeting customers of Indonesian banking app DANA. It purports that users have an unclaimed sum of money. It later requests login and PIN information from the user.,PT Espay Debit Indonesia Koe,Unknown,https://bayse.io/campaign/DANA Claim Money Scam
structural_id,d07bdd1699a33b4c0b6075b54b5aab181467bdf3,274,1685571208.1425853,1697167395.1296694,https://bayse.io/site_fingerprint/structural_id/d07bdd1699a33b4c0b6075b54b5aab181467bdf3,Unknown_d07bdd1699a33b4c0b6075b54b5aab181467bdf3,"This captures a possible campaign that we are tracking but have not yet named. If 
you are familiar with one of these campaigns, please reach out to hello@bayse.io to share your information and be 
recognized for your contribution!",Microsoft Corporation,Unknown,https://bayse.io/campaign/Unknown_d07bdd1699a33b4c0b6075b54b5aab181467bdf3
structural_id,00964970d1ca15be9f61ab12c7f6eff2369677ea,268,1687959419.7885199,1697086551.2545352,https://bayse.io/site_fingerprint/structural_id/00964970d1ca15be9f61ab12c7f6eff2369677ea,Meta Business Page Violation,"This campaign is targeting Meta and Facebook business users. It intends to convince them that they have created a business page that violates Meta's terms of service. Information requested includes account name, email address, phone number, and password.","Facebook, Inc.,Meta, Inc.",Unknown,https://bayse.io/campaign/Meta Business Page Violation
structural_id,fafd4cd2752cede47ca37be20bfd1f04ed8be44b,117,1685713091.950851,1697072911.5616693,https://bayse.io/site_fingerprint/structural_id/fafd4cd2752cede47ca37be20bfd1f04ed8be44b,Prohqcker,This campaign targets many different banking and government institutions. It is named for the PHP script that is often seen collecting credentials.,First Citizens Bank,Unknown,https://bayse.io/campaign/Prohqcker
structural_id,8ab80d5aec4e0fc295e4bcc11a93f19b1de9a046,266,1685626359.505807,1696687714.1368015,https://bayse.io/site_fingerprint/structural_id/8ab80d5aec4e0fc295e4bcc11a93f19b1de9a046,Prohqcker,This campaign targets many different banking and government institutions. It is named for the PHP script that is often seen collecting credentials.,First Citizens Bank,Unknown,https://bayse.io/campaign/Prohqcker
structural_id,59b8fab9c09842ebff672a18fac4c6742d67a1c2,107,1686603253.5584073,1697160352.2900586,https://bayse.io/site_fingerprint/structural_id/59b8fab9c09842ebff672a18fac4c6742d67a1c2,Unknown_59b8fab9c09842ebff672a18fac4c6742d67a1c2,"This captures a possible campaign that we are tracking but have not yet named. If 
you are familiar with one of these campaigns, please reach out to hello@bayse.io to share your information and be 
recognized for your contribution!","ATT, Inc.",Unknown,https://bayse.io/campaign/Unknown_59b8fab9c09842ebff672a18fac4c6742d67a1c2
links_id,be868723f6334580db1cb22ef2150dbb19809560,106,1685588935.2564194,1697174552.5625322,https://bayse.io/site_fingerprint/links_id/be868723f6334580db1cb22ef2150dbb19809560,Unknown_be868723f6334580db1cb22ef2150dbb19809560,"This captures a possible campaign that we are tracking but have not yet named. If 
you are familiar with one of these campaigns, please reach out to hello@bayse.io to share your information and be 
recognized for your contribution!","Rackspace Technology, Inc.,Generic Webmail",Unknown,https://bayse.io/campaign/Unknown_be868723f6334580db1cb22ef2150dbb19809560
structural_id,b728cd0747105983b6894c42329759398ecfdc7f,60,1685582202.8041534,1697174312.320004,https://bayse.io/site_fingerprint/structural_id/b728cd0747105983b6894c42329759398ecfdc7f,Unknown_b728cd0747105983b6894c42329759398ecfdc7f,"This captures a possible campaign that we are tracking but have not yet named. If 
you are familiar with one of these campaigns, please reach out to hello@bayse.io to share your information and be 
recognized for your contribution!","Banco CUSCATLAN de El Salvador, S.A.",Unknown,https://bayse.io/campaign/Unknown_b728cd0747105983b6894c42329759398ecfdc7f
